name,email,website,phone,address
Kenji & Marion Yoshino,info@2CVSource.com,https://www.2CVSource.com,206-242-4888,"17020 Sylvester Rd SW\ 
Normandy Park, WA 98166"
Erik DeWidt - Classic Motorcars International,erikdewidt@aol.com,https://www.ErikDeWidt.com,301-829-2695,"PO Box 1087\
Mount Airy, MD, 21771"
Andre Pol - Citroen Andre & Partners ,citroen@citroenandre.com,https://www.Citroen-Andre.com,011 (31) 165 505 919 (from the US),"Jochem Hendrikstraat 10\
4741 SK Hoeven\ 
THE NETHERLANDS"
Citroenvie - George Dyke,gdyke@sympatico.ca,https://www.Citroenvie.co,647-896-3202,"49 Alabaster Drive\
Brampton, ON L6V 4G9\ 
CANADA"
Trinity Citroen Repair & Restoration,,https://www.trinityrestorationvt.com/citroen-repair-and-restoration/,802-582-5641,"1028 S Brownell Rd, Williston, VT 05495
588 VT-78, Swanton, VT 05488
559 Youngs Rd, Delanson, NY 12053"