id,name,email,website,phone,address,created_at,updated_at,order
26,Kenji & Marion Yoshino,info@2CVSource.com,https://www.2CVSource.com,206-242-4888,"17020 Sylvester Rd SW\ 
Normandy Park, WA 98166",2025-03-12 00:36:14 UTC,2025-03-15 00:21:53 UTC,2
27,Erik DeWidt - Classic Motorcars International,erikdewidt@aol.com,https://www.ErikDeWidt.com,301-829-2695,"PO Box 1087\
Mount Airy, MD, 21771",2025-03-12 00:36:14 UTC,2025-03-15 00:21:53 UTC,3
28,Andre Pol - Citroen Andre & Partners ,citroen@citroenandre.com,https://www.Citroen-Andre.com,011 (31) 165 505 919 (from the US),"Jochem Hendrikstraat 10\
4741 SK Hoeven\ 
THE NETHERLANDS",2025-03-12 00:36:14 UTC,2025-03-15 00:21:53 UTC,4
29,Citroenvie - George Dyke,gdyke@sympatico.ca,https://www.Citroenvie.co,647-896-3202,"49 Alabaster Drive\
Brampton, ON L6V 4G9\ 
CANADA",2025-03-12 00:36:14 UTC,2025-03-15 00:21:48 UTC,1
30,Trinity Citroen Repair & Restoration,"",https://www.trinityrestorationvt.com/citroen-repair-and-restoration/,802-582-5641,"1028 S Brownell Rd\
Williston, VT 05495

588 VT-78\
Swanton, VT 05488

559 Youngs Rd\
Delanson, NY 12053\",2025-03-12 00:36:14 UTC,2025-03-15 00:21:41 UTC,0
